{
  "knee_index": 24,
  "fitness": {
    "auc": 0.986583825507871,
    "ace": 0.005292648421034243,
    "equity_gap": 0.00033618321625872305
  },
  "weights": {
    "DenseNet121": 0.07192811982489695,
    "ResNet50": 0.3110406588125114,
    "ResNet101": 0.00120721126649594,
    "EfficientNet-B4": 0.00038705692309184026,
    "VGG16": 0.5632853373168054,
    "Inception-v3": 0.02973867941225258,
    "MobileNetV2": 0.022412936443945985
  }
}