{
  "population_size": 100,
  "generations": 100,
  "pareto_size": 100,
  "final_stats": {
    "min": [
      -0.9890420602307779,
      0.001985243457456657,
      1.0107734649267286e-09
    ],
    "avg": [
      -0.9868303597255705,
      0.006071647077873178,
      0.0006024111713509517
    ]
  },
  "total_time_minutes": 2.745691239833832
}